0,1,Jacob,Emma
1,2,Michael,Isabella
2,3,Ethan,Emily
3,4,Joshua,Madison
4,5,Daniel,Ava
5,6,Alexander,Olivia
6,7,Anthony,Sophia
7,8,William,Abigail
8,9,Christopher,Elizabeth
9,10,Matthew,Chloe
10,11,Jayden,Samantha
11,12,Andrew,Addison
12,13,Joseph,Natalie
13,14,David,Mia
14,15,Noah,Alexis
15,16,Aiden,Alyssa
16,17,James,Hannah
17,18,Ryan,Ashley
18,19,Logan,Ella
19,20,John,Sarah
20,21,Nathan,Grace
21,22,Elijah,Taylor
22,23,Christian,Brianna
23,24,Gabriel,Lily
24,25,Benjamin,Hailey
25,26,Jonathan,Anna
26,27,Tyler,Victoria
27,28,Samuel,Kayla
28,29,Nicholas,Lillian
29,30,Gavin,Lauren
30,31,Dylan,Kaylee
31,32,Jackson,Allison
32,33,Brandon,Savannah
33,34,Caleb,Nevaeh
34,35,Mason,Gabriella
35,36,Angel,Sofia
36,37,Isaac,Makayla
37,38,Evan,Avery
38,39,Jack,Riley
39,40,Kevin,Julia
40,41,Jose,Leah
41,42,Isaiah,Aubrey
42,43,Luke,Jasmine
43,44,Landon,Audrey
44,45,Justin,Katherine
45,46,Lucas,Morgan
46,47,Zachary,Brooklyn
47,48,Jordan,Destiny
48,49,Robert,Sydney
49,50,Aaron,Alexa
50,51,Brayden,Kylie
51,52,Thomas,Brooke
52,53,Cameron,Kaitlyn
53,54,Hunter,Evelyn
54,55,Austin,Layla
55,56,Adrian,Madeline
56,57,Connor,Kimberly
57,58,Owen,Zoe
58,59,Aidan,Jessica
59,60,Jason,Peyton
60,61,Julian,Alexandra
61,62,Wyatt,Claire
62,63,Charles,Madelyn
63,64,Luis,Maria
64,65,Carter,Mackenzie
65,66,Juan,Arianna
66,67,Chase,Jocelyn
67,68,Diego,Amelia
68,69,Jeremiah,Angelina
69,70,Brody,Trinity
70,71,Xavier,Andrea
71,72,Adam,Maya
72,73,Carlos,Valeria
73,74,Sebastian,Sophie
74,75,Liam,Rachel
75,76,Hayden,Vanessa
76,77,Nathaniel,Aaliyah
77,78,Henry,Mariah
78,79,Jesus,Gabrielle
79,80,Ian,Katelyn
80,81,Tristan,Ariana
81,82,Bryan,Bailey
82,83,Sean,Camila
83,84,Cole,Jennifer
84,85,Alex,Melanie
85,86,Eric,Gianna
86,87,Brian,Charlotte
87,88,Jaden,Paige
88,89,Carson,Autumn
89,90,Blake,Payton
90,91,Ayden,Faith
91,92,Cooper,Sara
92,93,Dominic,Isabelle
93,94,Brady,Caroline
94,95,Caden,Genesis
95,96,Josiah,Isabel
96,97,Kyle,Mary
97,98,Colton,Zoey
98,99,Kaden,Gracie
99,100,Eli,Megan
100,101,Miguel,Haley
101,102,Antonio,Mya
102,103,Parker,Michelle
103,104,Steven,Molly
104,105,Alejandro,Stephanie
105,106,Riley,Nicole
106,107,Richard,Jenna
107,108,Timothy,Natalia
108,109,Devin,Sadie
109,110,Jesse,Jada
110,111,Victor,Serenity
111,112,Jake,Lucy
112,113,Joel,Ruby
113,114,Colin,Eva
114,115,Kaleb,Kennedy
115,116,Bryce,Rylee
116,117,Levi,Jayla
117,118,Oliver,Naomi
118,119,Oscar,Rebecca
119,120,Vincent,Lydia
120,121,Ashton,Daniela
121,122,Cody,Bella
122,123,Micah,Keira
123,124,Preston,Adriana
124,125,Marcus,Lilly
125,126,Max,Hayden
126,127,Patrick,Miley
127,128,Seth,Katie
128,129,Jeremy,Jade
129,130,Peyton,Jordan
130,131,Nolan,Gabriela
131,132,Ivan,Amy
132,133,Damian,Angela
133,134,Maxwell,Melissa
134,135,Alan,Valerie
135,136,Kenneth,Giselle
136,137,Jonah,Diana
137,138,Jorge,Amanda
138,139,Mark,Kate
139,140,Giovanni,Laila
140,141,Eduardo,Reagan
141,142,Grant,Jordyn
142,143,Collin,Kylee
143,144,Gage,Danielle
144,145,Omar,Briana
145,146,Emmanuel,Marley
146,147,Trevor,Leslie
147,148,Edward,Kendall
148,149,Ricardo,Catherine
149,150,Cristian,Liliana
150,151,Nicolas,Mckenzie
151,152,Kayden,Jacqueline
152,153,George,Ashlyn
153,154,Jaxon,Reese
154,155,Paul,Marissa
155,156,Braden,London
156,157,Elias,Juliana
157,158,Andres,Shelby
158,159,Derek,Cheyenne
159,160,Garrett,Angel
160,161,Tanner,Daisy
161,162,Malachi,Makenzie
162,163,Conner,Miranda
163,164,Fernando,Erin
164,165,Cesar,Amber
165,166,Javier,Alana
166,167,Miles,Ellie
167,168,Jaiden,Breanna
168,169,Alexis,Ana
169,170,Leonardo,Mikayla
170,171,Santiago,Summer
171,172,Francisco,Piper
172,173,Cayden,Adrianna
173,174,Shane,Jillian
174,175,Edwin,Sierra
175,176,Hudson,Jayden
176,177,Travis,Sienna
177,178,Bryson,Alicia
178,179,Erick,Lila
179,180,Jace,Margaret
180,181,Hector,Alivia
181,182,Josue,Brooklynn
182,183,Peter,Karen
183,184,Jaylen,Violet
184,185,Mario,Sabrina
185,186,Manuel,Stella
186,187,Abraham,Aniyah
187,188,Grayson,Annabelle
188,189,Damien,Alexandria
189,190,Kaiden,Kathryn
190,191,Spencer,Skylar
191,192,Stephen,Aliyah
192,193,Edgar,Delilah
193,194,Wesley,Julianna
194,195,Shawn,Kelsey
195,196,Trenton,Khloe
196,197,Jared,Carly
197,198,Jeffrey,Amaya
198,199,Landen,Mariana
199,200,Johnathan,Christina
200,201,Bradley,Alondra
201,202,Braxton,Tessa
202,203,Ryder,Eliana
203,204,Camden,Bianca
204,205,Roman,Jazmin
205,206,Asher,Clara
206,207,Brendan,Vivian
207,208,Maddox,Josephine
208,209,Sergio,Delaney
209,210,Israel,Scarlett
210,211,Andy,Elena
211,212,Lincoln,Cadence
212,213,Erik,Alexia
213,214,Donovan,Maggie
214,215,Raymond,Laura
215,216,Avery,Nora
216,217,Rylan,Ariel
217,218,Dalton,Elise
218,219,Harrison,Nadia
219,220,Andre,Mckenna
220,221,Martin,Chelsea
221,222,Keegan,Lyla
222,223,Marco,Alaina
223,224,Jude,Jasmin
224,225,Sawyer,Hope
225,226,Dakota,Leila
226,227,Leo,Caitlyn
227,228,Calvin,Cassidy
228,229,Kai,Makenna
229,230,Drake,Allie
230,231,Troy,Izabella
231,232,Zion,Eden
232,233,Clayton,Callie
233,234,Roberto,Haylee
234,235,Zane,Caitlin
235,236,Gregory,Kendra
236,237,Tucker,Karina
237,238,Rafael,Kyra
238,239,Kingston,Kayleigh
239,240,Dominick,Addyson
240,241,Ezekiel,Kiara
241,242,Griffin,Jazmine
242,243,Devon,Karla
243,244,Drew,Camryn
244,245,Lukas,Alina
245,246,Johnny,Lola
246,247,Ty,Kyla
247,248,Pedro,Kelly
248,249,Tyson,Fatima
249,250,Caiden,Tiffany
250,251,Mateo,Kira
251,252,Braylon,Crystal
252,253,Cash,Mallory
253,254,Aden,Esmeralda
254,255,Chance,Alejandra
255,256,Taylor,Eleanor
256,257,Marcos,Angelica
257,258,Maximus,Jayda
258,259,Ruben,Abby
259,260,Emanuel,Kara
260,261,Simon,Veronica
261,262,Corbin,Carmen
262,263,Brennan,Jamie
263,264,Dillon,Ryleigh
264,265,Skyler,Valentina
265,266,Myles,Allyson
266,267,Xander,Dakota
267,268,Jaxson,Kamryn
268,269,Dawson,Courtney
269,270,Kameron,Cecilia
270,271,Kyler,Madeleine
271,272,Axel,Aniya
272,273,Colby,Alison
273,274,Jonas,Esther
274,275,Joaquin,Heaven
275,276,Payton,Aubree
276,277,Brock,Lindsey
277,278,Frank,Leilani
278,279,Enrique,Nina
279,280,Quinn,Melody
280,281,Emilio,Macy
281,282,Malik,Ashlynn
282,283,Grady,Joanna
283,284,Angelo,Cassandra
284,285,Julio,Alayna
285,286,Derrick,Kaydence
286,287,Raul,Madilyn
287,288,Fabian,Aurora
288,289,Corey,Heidi
289,290,Gerardo,Emerson
290,291,Dante,Kimora
291,292,Ezra,Madalyn
292,293,Armando,Erica
293,294,Allen,Josie
294,295,Theodore,Katelynn
295,296,Gael,Guadalupe
296,297,Amir,Harper
297,298,Zander,Ivy
298,299,Adan,Lexi
299,300,Maximilian,Camille
300,301,Randy,Savanna
301,302,Easton,Dulce
302,303,Dustin,Daniella
303,304,Luca,Lucia
304,305,Phillip,Emely
305,306,Julius,Joselyn
306,307,Charlie,Kiley
307,308,Ronald,Kailey
308,309,Jakob,Miriam
309,310,Cade,Cynthia
310,311,Brett,Rihanna
311,312,Trent,Georgia
312,313,Silas,Rylie
313,314,Keith,Harmony
314,315,Emiliano,Kiera
315,316,Trey,Kyleigh
316,317,Jalen,Monica
317,318,Darius,Bethany
318,319,Lane,Kaylie
319,320,Jerry,Cameron
320,321,Jaime,Teagan
321,322,Scott,Cora
322,323,Graham,Brynn
323,324,Weston,Ciara
324,325,Braydon,Genevieve
325,326,Anderson,Alice
326,327,Rodrigo,Maddison
327,328,Pablo,Eliza
328,329,Saul,Tatiana
329,330,Danny,Jaelyn
330,331,Donald,Erika
331,332,Elliot,Ximena
332,333,Brayan,April
333,334,Dallas,Marely
334,335,Lorenzo,Julie
335,336,Casey,Danica
336,337,Mitchell,Presley
337,338,Alberto,Brielle
338,339,Tristen,Julissa
339,340,Rowan,Angie
340,341,Jayson,Iris
341,342,Gustavo,Brenda
342,343,Aaden,Hazel
343,344,Amari,Rose
344,345,Dean,Malia
345,346,Braeden,Shayla
346,347,Declan,Fiona
347,348,Chris,Phoebe
348,349,Ismael,Nayeli
349,350,Dane,Paola
350,351,Louis,Kaelyn
351,352,Arturo,Selena
352,353,Brenden,Audrina
353,354,Felix,Rebekah
354,355,Jimmy,Carolina
355,356,Cohen,Janiyah
356,357,Tony,Michaela
357,358,Holden,Penelope
358,359,Reid,Janiya
359,360,Abel,Anastasia
360,361,Bennett,Adeline
361,362,Zackary,Ruth
362,363,Arthur,Sasha
363,364,Nehemiah,Denise
364,365,Ricky,Holly
365,366,Esteban,Madisyn
366,367,Cruz,Hanna
367,368,Finn,Tatum
368,369,Mauricio,Marlee
369,370,Dennis,Nataly
370,371,Keaton,Helen
371,372,Albert,Janelle
372,373,Marvin,Lizbeth
373,374,Mathew,Serena
374,375,Larry,Anya
375,376,Moises,Jaslene
376,377,Issac,Kaylin
377,378,Philip,Jazlyn
378,379,Quentin,Nancy
379,380,Curtis,Lindsay
380,381,Greyson,Desiree
381,382,Jameson,Hayley
382,383,Everett,Itzel
383,384,Jayce,Imani
384,385,Darren,Madelynn
385,386,Elliott,Asia
386,387,Uriel,Kadence
387,388,Alfredo,Madyson
388,389,Hugo,Talia
389,390,Alec,Jane
390,391,Jamari,Kayden
391,392,Marshall,Annie
392,393,Walter,Amari
393,394,Judah,Bridget
394,395,Jay,Raegan
395,396,Lance,Jadyn
396,397,Beau,Celeste
397,398,Ali,Jimena
398,399,Landyn,Luna
399,400,Yahir,Yasmin
400,401,Phoenix,Emilia
401,402,Nickolas,Annika
402,403,Kobe,Estrella
403,404,Bryant,Sarai
404,405,Maurice,Lacey
405,406,Russell,Ayla
406,407,Leland,Alessandra
407,408,Colten,Willow
408,409,Reed,Nyla
409,410,Davis,Dayana
410,411,Joe,Lilah
411,412,Ernesto,Lilliana
412,413,Desmond,Natasha
413,414,Kade,Hadley
414,415,Reece,Harley
415,416,Morgan,Priscilla
416,417,Ramon,Claudia
417,418,Rocco,Allisson
418,419,Orlando,Baylee
419,420,Ryker,Brenna
420,421,Brodie,Brittany
421,422,Paxton,Skyler
422,423,Jacoby,Fernanda
423,424,Douglas,Danna
424,425,Kristopher,Melany
425,426,Gary,Cali
426,427,Lawrence,Lia
427,428,Izaiah,Macie
428,429,Solomon,Lyric
429,430,Nikolas,Logan
430,431,Mekhi,Gloria
431,432,Justice,Lana
432,433,Tate,Mylee
433,434,Jaydon,Cindy
434,435,Salvador,Lilian
435,436,Shaun,Amira
436,437,Alvin,Anahi
437,438,Eddie,Alissa
438,439,Kane,Anaya
439,440,Davion,Lena
440,441,Zachariah,Ainsley
441,442,Dorian,Sandra
442,443,Titus,Noelle
443,444,Kellen,Marisol
444,445,Camron,Meredith
445,446,Isiah,Kailyn
446,447,Javon,Lesly
447,448,Nasir,Johanna
448,449,Milo,Diamond
449,450,Johan,Evangeline
450,451,Byron,Juliet
451,452,Jasper,Kathleen
452,453,Jonathon,Meghan
453,454,Chad,Paisley
454,455,Marc,Athena
455,456,Kelvin,Hailee
456,457,Chandler,Rosa
457,458,Sam,Wendy
458,459,Cory,Emilee
459,460,Deandre,Sage
460,461,River,Alanna
461,462,Reese,Elaina
462,463,Roger,Cara
463,464,Quinton,Nia
464,465,Talon,Paris
465,466,Romeo,Casey
466,467,Franklin,Dana
467,468,Noel,Emery
468,469,Alijah,Rowan
469,470,Guillermo,Aubrie
470,471,Gunner,Kaitlin
471,472,Damon,Jaden
472,473,Jadon,Kenzie
473,474,Emerson,Kiana
474,475,Micheal,Viviana
475,476,Bruce,Norah
476,477,Terry,Lauryn
477,478,Kolton,Perla
478,479,Melvin,Amiyah
479,480,Beckett,Alyson
480,481,Porter,Rachael
481,482,August,Shannon
482,483,Brycen,Aileen
483,484,Dayton,Miracle
484,485,Jamarion,Lillie
485,486,Leonel,Danika
486,487,Karson,Heather
487,488,Zayden,Kassidy
488,489,Keagan,Taryn
489,490,Carl,Tori
490,491,Khalil,Francesca
491,492,Cristopher,Kristen
492,493,Nelson,Amya
493,494,Braiden,Elle
494,495,Moses,Kristina
495,496,Isaias,Cheyanne
496,497,Roy,Haylie
497,498,Triston,Patricia
498,499,Walker,Anne
499,500,Kale,Samara
500,501,Jermaine,Skye
501,502,Leon,Kali
502,503,Rodney,America
503,504,Kristian,Lexie
504,505,Mohamed,Parker
505,506,Ronan,Halle
506,507,Pierce,Londyn
507,508,Trace,Abbigail
508,509,Warren,Linda
509,510,Jeffery,Hallie
510,511,Maverick,Saniya
511,512,Cyrus,Bryanna
512,513,Quincy,Bailee
513,514,Nathanael,Jaylynn
514,515,Skylar,Mckayla
515,516,Tommy,Quinn
516,517,Conor,Jaelynn
517,518,Noe,Jaida
518,519,Ezequiel,Caylee
519,520,Demetrius,Jaiden
520,521,Jaylin,Melina
521,522,Kendrick,Abril
522,523,Frederick,Sidney
523,524,Terrance,Kassandra
524,525,Bobby,Elisabeth
525,526,Jamison,Adalyn
526,527,Jon,Kaylynn
527,528,Rohan,Mercedes
528,529,Jett,Yesenia
529,530,Kieran,Elliana
530,531,Tobias,Brylee
531,532,Ari,Dylan
532,533,Colt,Isabela
533,534,Gideon,Ryan
534,535,Felipe,Ashlee
535,536,Kenny,Daphne
536,537,Wilson,Kenya
537,538,Orion,Marina
538,539,Kamari,Christine
539,540,Gunnar,Mikaela
540,541,Jessie,Kaitlynn
541,542,Alonzo,Justice
542,543,Gianni,Saniyah
543,544,Omari,Jaliyah
544,545,Waylon,Ingrid
545,546,Malcolm,Marie
546,547,Emmett,Natalee
547,548,Abram,Joy
548,549,Julien,Juliette
549,550,London,Simone
550,551,Tomas,Adelaide
551,552,Allan,Krystal
552,553,Terrell,Kennedi
553,554,Matteo,Mila
554,555,Tristin,Tamia
555,556,Jairo,Addisyn
556,557,Reginald,Aylin
557,558,Brent,Dayanara
558,559,Ahmad,Sylvia
559,560,Yandel,Clarissa
560,561,Rene,Maritza
561,562,Willie,Virginia
562,563,Boston,Braelyn
563,564,Billy,Jolie
564,565,Marlon,Jaidyn
565,566,Trevon,Kinsley
566,567,Aydan,Kirsten
567,568,Jamal,Laney
568,569,Aldo,Marilyn
569,570,Ariel,Whitney
570,571,Cason,Janessa
571,572,Braylen,Raquel
572,573,Javion,Anika
573,574,Joey,Kamila
574,575,Rogelio,Aria
575,576,Ahmed,Rubi
576,577,Dominik,Adelyn
577,578,Brendon,Amara
578,579,Toby,Ayanna
579,580,Kody,Teresa
580,581,Marquis,Zariah
581,582,Ulises,Kaleigh
582,583,Armani,Amani
583,584,Adriel,Carla
584,585,Alfonso,Yareli
585,586,Branden,Gwendolyn
586,587,Will,Paulina
587,588,Craig,Nathalie
588,589,Ibrahim,Annabella
589,590,Osvaldo,Jaylin
590,591,Wade,Tabitha
591,592,Harley,Deanna
592,593,Steve,Madalynn
593,594,Davin,Journey
594,595,Deshawn,Aiyana
595,596,Kason,Skyla
596,597,Damion,Yaretzi
597,598,Jaylon,Ada
598,599,Jefferson,Liana
599,600,Aron,Karlee
600,601,Brooks,Jenny
601,602,Darian,Myla
602,603,Gerald,Cristina
603,604,Rolando,Myah
604,605,Terrence,Lisa
605,606,Enzo,Tania
606,607,Kian,Isis
607,608,Ryland,Jayleen
608,609,Barrett,Jordin
609,610,Jaeden,Arely
610,611,Ben,Azul
611,612,Bradyn,Helena
612,613,Giovani,Aryanna
613,614,Blaine,Jaqueline
614,615,Madden,Lucille
615,616,Jerome,Destinee
616,617,Muhammad,Martha
617,618,Ronnie,Zoie
618,619,Layne,Arielle
619,620,Kolby,Liberty
620,621,Leonard,Marlene
621,622,Vicente,Elisa
622,623,Cale,Isla
623,624,Alessandro,Noemi
624,625,Zachery,Raven
625,626,Gavyn,Jessie
626,627,Aydin,Aleah
627,628,Xzavier,Kailee
628,629,Malakai,Kaliyah
629,630,Raphael,Lilyana
630,631,Cannon,Haven
631,632,Rudy,Tara
632,633,Asa,Giana
633,634,Darrell,Camilla
634,635,Giancarlo,Maliyah
635,636,Elisha,Irene
636,637,Junior,Carley
637,638,Zackery,Maeve
638,639,Alvaro,Lea
639,640,Lewis,Macey
640,641,Valentin,Sharon
641,642,Deacon,Alisha
642,643,Jase,Marisa
643,644,Harry,Jaylene
644,645,Kendall,Kaya
645,646,Rashad,Scarlet
646,647,Finnegan,Siena
647,648,Mohammed,Adyson
648,649,Ramiro,Maia
649,650,Cedric,Shiloh
650,651,Brennen,Tiana
651,652,Santino,Jaycee
652,653,Stanley,Gisselle
653,654,Tyrone,Yazmin
654,655,Chace,Eve
655,656,Francis,Shyanne
656,657,Johnathon,Arabella
657,658,Teagan,Sherlyn
658,659,Zechariah,Sariah
659,660,Alonso,Amiya
660,661,Kaeden,Kiersten
661,662,Kamden,Madilynn
662,663,Gilberto,Shania
663,664,Ray,Aleena
664,665,Karter,Finley
665,666,Luciano,Kinley
666,667,Nico,Kaia
667,668,Kole,Aliya
668,669,Aryan,Taliyah
669,670,Draven,Pamela
670,671,Jamie,Yoselin
671,672,Misael,Ellen
672,673,Lee,Carlie
673,674,Alexzander,Monserrat
674,675,Camren,Jakayla
675,676,Giovanny,Reyna
676,677,Amare,Yaritza
677,678,Rhett,Carolyn
678,679,Rhys,Clare
679,680,Rodolfo,Lorelei
680,681,Nash,Paula
681,682,Markus,Zaria
682,683,Deven,Gracelyn
683,684,Mohammad,Kasey
684,685,Moshe,Regan
685,686,Quintin,Alena
686,687,Dwayne,Angelique
687,688,Memphis,Regina
688,689,Atticus,Britney
689,690,Davian,Emilie
690,691,Eugene,Mariam
691,692,Jax,Jaylee
692,693,Antoine,Julianne
693,694,Wayne,Greta
694,695,Randall,Elyse
695,696,Semaj,Lainey
696,697,Uriah,Kallie
697,698,Clark,Felicity
698,699,Aidyn,Zion
699,700,Jorden,Aspen
700,701,Maxim,Carlee
701,702,Aditya,Annalise
702,703,Lawson,Iliana
703,704,Messiah,Larissa
704,705,Korbin,Akira
705,706,Sullivan,Sonia
706,707,Freddy,Catalina
707,708,Demarcus,Phoenix
708,709,Neil,Joslyn
709,710,Brice,Anabelle
710,711,King,Mollie
711,712,Davon,Susan
712,713,Elvis,Judith
713,714,Ace,Destiney
714,715,Dexter,Hillary
715,716,Heath,Janet
716,717,Duncan,Katrina
717,718,Jamar,Mareli
718,719,Sincere,Ansley
719,720,Irvin,Kaylyn
720,721,Remington,Alexus
721,722,Kadin,Gia
722,723,Soren,Maci
723,724,Tyree,Elsa
724,725,Damarion,Stacy
725,726,Talan,Kaylen
726,727,Adrien,Carissa
727,728,Gilbert,Haleigh
728,729,Keenan,Lorena
729,730,Darnell,Jazlynn
730,731,Adolfo,Milagros
731,732,Tristian,Luz
732,733,Derick,Leanna
733,734,Isai,Renee
734,735,Rylee,Shaniya
735,736,Gauge,Charlie
736,737,Harold,Abbie
737,738,Kareem,Cailyn
738,739,Deangelo,Cherish
739,740,Agustin,Elsie
740,741,Coleman,Jazmyn
741,742,Zavier,Elaine
742,743,Lamar,Emmalee
743,744,Emery,Luciana
744,745,Jaydin,Dahlia
745,746,Devan,Jamya
746,747,Jordyn,Belinda
747,748,Mathias,Mariyah
748,749,Prince,Chaya
749,750,Sage,Dayami
750,751,Seamus,Rhianna
751,752,Jasiah,Yadira
752,753,Efrain,Aryana
753,754,Darryl,Rosemary
754,755,Arjun,Armani
755,756,Mike,Cecelia
756,757,Roland,Celia
757,758,Conrad,Barbara
758,759,Kamron,Cristal
759,760,Hamza,Eileen
760,761,Santos,Rayna
761,762,Frankie,Campbell
762,763,Dominique,Amina
763,764,Marley,Aisha
764,765,Vance,Amirah
765,766,Dax,Ally
766,767,Jamir,Araceli
767,768,Kylan,Averie
768,769,Todd,Mayra
769,770,Maximo,Sanaa
770,771,Jabari,Patience
771,772,Matthias,Leyla
772,773,Haiden,Selah
773,774,Luka,Zara
774,775,Marcelo,Chanel
775,776,Keon,Kaiya
776,777,Layton,Keyla
777,778,Tyrell,Miah
778,779,Kash,Aimee
779,780,Raiden,Giovanna
780,781,Cullen,Amelie
781,782,Donte,Kelsie
782,783,Jovani,Alisson
783,784,Cordell,Angeline
784,785,Kasen,Dominique
785,786,Rory,Adrienne
786,787,Alfred,Brisa
787,788,Darwin,Cierra
788,789,Ernest,Paloma
789,790,Bailey,Isabell
790,791,Gaige,Precious
791,792,Hassan,Alma
792,793,Jamarcus,Charity
793,794,Killian,Jacquelyn
794,795,Augustus,Janae
795,796,Trevin,Frances
796,797,Zain,Shyla
797,798,Ellis,Janiah
798,799,Rex,Kierra
799,800,Yusuf,Karlie
800,801,Bruno,Annabel
801,802,Jaidyn,Jacey
802,803,Justus,Karissa
803,804,Ronin,Jaylah
804,805,Humberto,Xiomara
805,806,Jaquan,Edith
806,807,Josh,Marianna
807,808,Kasey,Damaris
808,809,Winston,Deborah
809,810,Dashawn,Jaylyn
810,811,Lucian,Evelin
811,812,Matias,Mara
812,813,Sidney,Olive
813,814,Ignacio,Ayana
814,815,Nigel,India
815,816,Van,Kendal
816,817,Elian,Kayley
817,818,Finley,Tamara
818,819,Jaron,Briley
819,820,Addison,Charlee
820,821,Aedan,Nylah
821,822,Braedon,Abbey
822,823,Jadyn,Moriah
823,824,Konner,Saige
824,825,Zayne,Savanah
825,826,Franco,Giada
826,827,Niko,Hana
827,828,Savion,Lizeth
828,829,Cristofer,Matilda
829,830,Deon,Ann
830,831,Krish,Jazlene
831,832,Anton,Gillian
832,833,Brogan,Beatrice
833,834,Cael,Ireland
834,835,Coby,Karly
835,836,Kymani,Mylie
836,837,Marcel,Yasmine
837,838,Yair,Ashly
838,839,Dale,Kenna
839,840,Bo,Maleah
840,841,Jordon,Corinne
841,842,Samir,Keely
842,843,Darien,Tanya
843,844,Zaire,Tianna
844,845,Ross,Adalynn
845,846,Vaughn,Ryann
846,847,Devyn,Salma
847,848,Kenyon,Areli
848,849,Clay,Karma
849,850,Dario,Shyann
850,851,Ishaan,Kaley
851,852,Jair,Theresa
852,853,Kael,Evie
853,854,Adonis,Gina
854,855,Jovanny,Roselyn
855,856,Clinton,Kaila
856,857,Rey,Jaylen
857,858,Chaim,Natalya
858,859,German,Meadow
859,860,Harper,Rayne
860,861,Nathen,Aliza
861,862,Rigoberto,Yuliana
862,863,Sonny,June
863,864,Glenn,Lilianna
864,865,Octavio,Nathaly
865,866,Blaze,Ali
866,867,Keshawn,Alisa
867,868,Ralph,Aracely
868,869,Ean,Belen
869,870,Nikhil,Tess
870,871,Rayan,Jocelynn
871,872,Sterling,Litzy
872,873,Branson,Makena
873,874,Jadiel,Abagail
874,875,Dillan,Giuliana
875,876,Jeramiah,Joyce
876,877,Koen,Libby
877,878,Konnor,Lillianna
878,879,Antwan,Thalia
879,880,Houston,Tia
880,881,Tyrese,Sarahi
881,882,Dereon,Zaniyah
882,883,Leonidas,Kristin
883,884,Zack,Lorelai
884,885,Fisher,Mattie
885,886,Jaydan,Taniya
886,887,Quinten,Jaslyn
887,888,Nick,Gemma
888,889,Urijah,Valery
889,890,Darion,Lailah
890,891,Jovan,Mckinley
891,892,Salvatore,Micah
892,893,Beckham,Deja
893,894,Jarrett,Frida
894,895,Antony,Brynlee
895,896,Eden,Jewel
896,897,Makai,Krista
897,898,Zaiden,Mira
898,899,Broderick,Yamilet
899,900,Camryn,Adison
900,901,Malaki,Carina
901,902,Nikolai,Karli
902,903,Howard,Magdalena
903,904,Immanuel,Stephany
904,905,Demarion,Charlize
905,906,Valentino,Raelynn
906,907,Jovanni,Aliana
907,908,Ayaan,Cassie
908,909,Ethen,Mina
909,910,Leandro,Karley
910,911,Royce,Shirley
911,912,Yael,Marlie
912,913,Yosef,Alani
913,914,Jean,Taniyah
914,915,Marquise,Cloe
915,916,Alden,Sanai
916,917,Leroy,Lina
917,918,Gaven,Nola
918,919,Jovany,Anabella
919,920,Tyshawn,Dalia
920,921,Aarav,Raina
921,922,Kadyn,Mariela
922,923,Milton,Ariella
923,924,Zaid,Bria
924,925,Kelton,Kamari
925,926,Tripp,Monique
926,927,Kamren,Ashleigh
927,928,Slade,Reina
928,929,Hezekiah,Alia
929,930,Jakobe,Ashanti
930,931,Nathanial,Lara
931,932,Rishi,Lilia
932,933,Shamar,Justine
933,934,Geovanni,Leia
934,935,Pranav,Maribel
935,936,Roderick,Abigayle
936,937,Bentley,Tiara
937,938,Clarence,Alannah
938,939,Lyric,Princess
939,940,Bernard,Sydnee
940,941,Carmelo,Kamora
941,942,Denzel,Paityn
942,943,Maximillian,Payten
943,944,Reynaldo,Naima
944,945,Cassius,Gretchen
945,946,Gordon,Heidy
946,947,Reuben,Nyasia
947,948,Samson,Livia
948,949,Yadiel,Marin
949,950,Jayvon,Shaylee
950,951,Reilly,Maryjane
951,952,Sheldon,Laci
952,953,Abdullah,Nathalia
953,954,Jagger,Azaria
954,955,Thaddeus,Anabel
955,956,Case,Chasity
956,957,Kyson,Emmy
957,958,Lamont,Izabelle
958,959,Chaz,Denisse
959,960,Makhi,Emelia
960,961,Jan,Mireya
961,962,Marques,Shea
962,963,Oswaldo,Amiah
963,964,Donavan,Dixie
964,965,Keyon,Maren
965,966,Kyan,Averi
966,967,Simeon,Esperanza
967,968,Trystan,Micaela
968,969,Andreas,Selina
969,970,Dangelo,Alyvia
970,971,Landin,Chana
971,972,Reagan,Avah
972,973,Turner,Donna
973,974,Arnav,Kaylah
974,975,Brenton,Ashtyn
975,976,Callum,Karsyn
976,977,Jayvion,Makaila
977,978,Bridger,Shayna
978,979,Sammy,Essence
979,980,Deegan,Leticia
980,981,Jaylan,Miya
981,982,Lennon,Rory
982,983,Odin,Desirae
983,984,Abdiel,Kianna
984,985,Jerimiah,Laurel
985,986,Eliezer,Neveah
986,987,Bronson,Amaris
987,988,Cornelius,Hadassah
988,989,Pierre,Dania
989,990,Cortez,Hailie
990,991,Baron,Jamiya
991,992,Carlo,Kathy
992,993,Carsen,Laylah
993,994,Fletcher,Riya
994,995,Izayah,Diya
995,996,Kolten,Carleigh
996,997,Damari,Iyana
997,998,Hugh,Kenley
998,999,Jensen,Sloane
999,1000,Yurem,Elianna
